UP-VAL-73_T	BRCA1	chr17	41201333	41276495	1.42	0.015625	75163.0	171	0.461883	NA
VAL-33_T	CHD1	chr5	98241322	105521330	0.85	0.0	7280009.0	60	0.33871	NA
UP-VAL-74_T	CDKN2A,CDKN2B	chr9	1206037	36810001	0.93	0.0	35603965.0	231	0.418072	38
UP-VAL-74_T	CDKN2A,CDKN2B	chr9	19246643	27062835	0.0	0.0	7816193.0	153	0.0785071	NA
UP-VAL-75_T	PTEN	chr10	1016151	135224822	0.69	0.0	134208672.0	316	0.329471	69
UP-VAL-75_T	PTEN	chr10	42334601	135224572	0.68	0.026041666666666668	92889972.0	1148	-0.137467	NA
UP-VAL-75_T	ATM	chr11	107941002	108225621	0.26	0.0	284620.0	66	-0.281391	NA
UP-VAL-75_T	BRCA2	chr13	18993508	32892088	0.35	0.0	13898581.0	281	-0.164021	NA
UP-VAL-75_T	BRCA2,RB1	chr13	19292855	115057489	0.52	0.0	95764635.0	402	0.338002	113
UP-VAL-75_T	BRCA2	chr13	32892088	33349210	0.0	0.0	457123.0	252	-0.144891	NA
UP-VAL-75_T	RB1	chr13	33349710	115056691	0.33	0.0	81706982.0	903	-0.106423	NA
UP-VAL-75_T	CDH1,FANCA	chr16	46377086	90095477	1.06	0.03125	43718392.0	708	-0.0632257	NA
UP-VAL-75_T	CDH1,FANCA	chr16	52648281	89883293	0.35	0.0	37235013.0	189	0.348256	37
UP-VAL-75_T	NF1	chr17	27701851	29687741	0.61	0.0	1985891.0	138	0.261905	NA
UP-VAL-75_T	BRCA1	chr17	41201333	41276495	1.46	0.015625	75163.0	171	-0.0171761	NA
UP-VAL-75_T	BAP1	chr3	150500	90586972	1.25	0.010416666666666666	90436473.0	1199	-0.287037	NA
UP-VAL-75_T	BAP1	chr3	1189423	88033921	1.25	0.0	86844499.0	333	0.295547	55
UP-VAL-75_T	CHD1	chr5	79950526	112341689	1.1	0.0	32391164.0	398	0.189266	NA
UP-VAL-75_T	MCPH1	chr8	150500	43930232	0.9	0.036458333333333336	43779733.0	625	0.128731	NA
UP-VAL-75_T	MCPH1	chr8	562179	42234833	0.73	0.0	41672655.0	145	0.405846	42
VAL-35_T	PTEN	chr10	69320439	123240983	1.12	0.0	53920545.0	680	0.124542	NA
VAL-35_T	BRCA2	chr13	18993508	33305717	1.46	0.0	14312210.0	517	0.33835	NA
VAL-35_T	BRCA2,RB1	chr13	19292855	115057489	1.43	0.0	95764635.0	402	0.498318	111
VAL-35_T	RB1	chr13	33306217	96342021	0.77	0.0	63035805.0	732	0.349768	NA
VAL-35_T	BAP1	chr3	150500	82086442	1.25	0.0	81935943.0	1106	0.0917741	NA
VAL-35_T	BAP1	chr3	1189423	89528922	1.46	0.0	88339500.0	350	0.406658	71
VAL-35_T	FAT1	chr4	165616593	190436299	0.6	0.0	24819707.0	358	0.226247	NA
VAL-35_T	CHD1	chr5	79173320	112503036	0.82	0.0	33329717.0	406	0.292313	NA
VAL-35_T	MCPH1	chr8	150500	37791314	0.98	0.020833333333333332	37640815.0	490	0.133165	NA
VAL-35_T	MCPH1	chr8	562179	55448271	1.14	0.0	54886093.0	155	0.436572	35
VAL-35_T	CDKN2A,CDKN2B	chr9	150500	47376002	1.08	0.109375	47225503.0	662	0.140921	NA
VAL-35_T	TSC1	chr9	65419970	136291062	1.28	0.0	70871093.0	902	0.0690265	NA
UP-VAL-76_T	PTEN	chr10	45917274	129803119	1.19	0.0	83885846.0	1023	0.142857	NA
UP-VAL-76_T	BRCA2,RB1	chr13	28293276	71545465	0.0	0.005208333333333333	43252190.0	882	-0.292469	NA
UP-VAL-76_T	BRCA2,RB1	chr13	30187259	68609057	-0.05	0.0	38421799.0	221	0.343134	88
UP-VAL-76_T	TSC2	chr16	132309	2295090	0.0	0.0	2162782.0	130	0.31493	NA
UP-VAL-76_T	PALB2	chr16	20510938	32110718	0.0	0.0	11599781.0	217	-0.275862	NA
UP-VAL-76_T	BRCA1,NF1,RAD51C	chr17	25253808	78811201	1.46	0.0	53557394.0	1368	0.155785	NA
VAL-36_T	FAT1	chr4	122739115	187509948	1.06	0.0	64770834.0	787	0.339471	NA
VAL-36_T	FAT1	chr4	187630450	190436299	0.69	0.0	2805850.0	61	0.109511	NA
VAL-36_T	CHD1	chr5	24047390	180076815	1.3	0.0	156029426.0	585	0.374034	72
VAL-36_T	CHD1	chr5	94738247	105521330	0.51	0.0	10783084.0	119	0.84157	NA
VAL-36_T	CDKN2A,CDKN2B	chr9	150500	47376002	1.46	0.109375	47225503.0	662	0.0475495	NA
UP-VAL-77_T	PTEN	chr10	88715696	96603071	1.35	0.0	7887376.0	46	0.235704	21
UP-VAL-77_T	SPRED1	chr15	23004443	47720007	0.31	0.005208333333333333	24715565.0	97	0.308898	25
UP-VAL-77_T	SPRED1	chr15	30441064	48481542	0.32	0.0	18040479.0	322	-0.0577652	NA
UP-VAL-77_T	PALB2,TSC2	chr16	132060	26101374	1.48	0.0	25969315.0	206	0.229281	35
UP-VAL-77_T	BAP1	chr3	30648106	89528922	1.39	0.0	58880817.0	219	0.231601	24
UP-VAL-77_T	CHD1	chr5	49407183	112179578	1.34	0.0	62772396.0	717	-0.237633	NA
UP-VAL-77_T	CHD1	chr5	98191814	112157958	1.34	0.0	13966145.0	51	0.482849	1
UP-VAL-77_T	MCPH1	chr8	150500	43930232	1.2	0.036458333333333336	43779733.0	625	-0.113203	NA
UP-VAL-77_T	MCPH1	chr8	562179	42425849	0.85	0.0	41863671.0	146	0.262904	44
VAL-37_T	PTEN	chr10	1016151	135224822	0.68	0.0	134208672.0	316	0.421658	91
VAL-37_T	PTEN	chr10	42334601	135224572	0.29	0.026041666666666668	92889972.0	1148	0.0253862	NA
VAL-37_T	ATM	chr11	102096454	133666445	1.0	0.010416666666666666	31569992.0	529	-0.219616	NA
VAL-37_T	BRCA2	chr13	18993508	33306381	0.08	0.0	14312874.0	518	0.329432	NA
VAL-37_T	BRCA2,RB1	chr13	19292855	115057489	0.21	0.0	95764635.0	402	0.491588	107
VAL-37_T	RB1	chr13	33309288	92120398	0.0	0.0	58811111.0	695	0.286064	NA
VAL-37_T	TP53	chr17	901872	19812991	-0.13	0.0	18911120.0	214	0.236908	22
VAL-37_T	BAP1	chr3	150500	82388872	0.0	0.0	82238373.0	1108	-0.943089	NA
VAL-37_T	BAP1	chr3	1189423	69337190	-0.42	0.0	68147768.0	302	0.229442	56
VAL-37_T	FAT1	chr4	52695894	190436299	0.0	0.03125	137740406.0	1627	-0.904594	NA
VAL-37_T	FAT1	chr4	114308833	190343547	-0.08	0.0	76034715.0	214	0.225375	52
VAL-37_T	CHD1	chr5	52691931	180075967	0.0	0.0	127384037.0	1547	-0.90114	NA
VAL-37_T	CHD1	chr5	52848143	180076815	-0.36	0.0	127228673.0	468	0.229831	84
VAL-37_T	MCPH1	chr8	150500	27023588	0.0	0.0	26873089.0	363	-0.641304	NA
VAL-37_T	MCPH1	chr8	562179	26228199	-1.04	0.005208333333333333	25666021.0	84	0.292927	27
VAL-37_T	CDKN2A,CDKN2B	chr9	150500	47376002	0.0	0.109375	47225503.0	662	-0.953785	NA
VAL-37_T	CDKN2A,CDKN2B	chr9	1206037	35076917	0.1	0.0	33870881.0	223	0.218404	32
UP-VAL-78_T	BRCA2	chr13	32892088	34059217	0.96	0.0	1167130.0	269	0.339125	NA
UP-VAL-78_T	RB1	chr13	48296848	89977621	1.41	0.0	41680774.0	464	0.259095	NA
UP-VAL-78_T	NF1	chr17	29490183	29686053	0.67	0.005208333333333333	195871.0	74	0.348485	NA
UP-VAL-78_T	BRCA1	chr17	41201333	41276495	0.58	0.015625	75163.0	171	-0.708362	NA
UP-VAL-78_T	CDKN2A,CDKN2B	chr9	150500	31996206	0.16	0.005208333333333333	31845707.0	515	-0.16484	NA
UP-VAL-78_T	CDKN2A,CDKN2B	chr9	1206037	24087786	0.42	0.0	22881750.0	173	0.336351	20
VAL-38_T	PTEN	chr10	43624237	122590549	1.46	0.0	78966313.0	914	0.323566	NA
VAL-38_T	BRCA2,RB1	chr13	19292855	115057489	1.44	0.0	95764635.0	402	0.421976	107
VAL-38_T	RB1	chr13	33334692	115056691	1.2	0.0	81722000.0	910	0.1875	NA
VAL-38_T	SPRED1	chr15	35422473	45989336	1.06	0.0	10566864.0	240	0.168043	NA
VAL-38_T	PALB2	chr16	2227095	35414509	1.37	0.005208333333333333	33187415.0	531	0.174773	NA
VAL-38_T	BAP1	chr3	10333986	90586972	1.35	0.0	80252987.0	1039	0.12963	NA
VAL-38_T	FAT1	chr4	56985743	190436299	1.42	0.0	133450557.0	1519	0.148501	NA
VAL-38_T	MCPH1	chr8	150500	30755592	1.07	0.0	30605093.0	396	0.282863	NA
VAL-38_T	CDKN2A,CDKN2B	chr9	150500	47376002	1.31	0.109375	47225503.0	662	0.158417	NA
VAL-38_T	CDKN2A,CDKN2B,TSC1	chr9	1206037	140509860	1.45	0.0	139303824.0	644	0.416104	81
VAL-38_T	TSC1	chr9	65419970	137293748	1.43	0.0	71873779.0	927	0.13964	NA
UP-VAL-79_T	BRCA2,RB1	chr13	18993508	115056691	1.29	0.005208333333333333	96063184.0	1436	-0.104923	NA
UP-VAL-79_T	BRCA2,RB1	chr13	19292855	115057489	1.35	0.0	95764635.0	402	0.438317	78
UP-VAL-79_T	SPRED1	chr15	23004443	101954377	1.42	0.0	78949935.0	329	0.451313	56
UP-VAL-79_T	PALB2,TSC2	chr16	132309	35414509	1.41	0.0	35282201.0	658	0.250446	NA
UP-VAL-79_T	CDH1	chr16	66421585	70744066	0.0	0.0	4322482.0	130	-0.33558	NA
UP-VAL-79_T	FANCA	chr16	87386516	90095477	0.2	0.0	2708962.0	113	0.0899807	NA
UP-VAL-79_T	BAP1	chr3	47109128	54215762	0.37	0.0	7106635.0	211	-0.129815	NA
UP-VAL-79_T	FAT1	chr4	177101285	190436299	0.48	0.0	13335015.0	261	0.0826294	NA
UP-VAL-79_T	MCPH1	chr8	150500	43930232	1.09	0.036458333333333336	43779733.0	625	0.12963	NA
UP-VAL-79_T	CDKN2A,CDKN2B	chr9	150500	47376002	1.11	0.109375	47225503.0	662	0.0511051	NA
UP-VAL-79_T	CDKN2A,CDKN2B,TSC1	chr9	1206037	140509860	1.25	0.0	139303824.0	644	0.496235	70
UP-VAL-79_T	TSC1	chr9	65419970	137496291	1.42	0.0	72076322.0	940	0.199346	NA
VAL-39_T	PTEN	chr10	1016151	135224822	1.17	0.0	134208672.0	316	0.388444	69
VAL-39_T	PTEN	chr10	51814717	129803119	0.93	0.0	77988403.0	974	0.0662995	NA
VAL-39_T	BRCA2,RB1	chr13	18993508	115056691	0.77	0.005208333333333333	96063184.0	1436	0.103242	NA
VAL-39_T	BRCA2,RB1	chr13	19292855	115057489	1.15	0.0	95764635.0	402	0.392738	66
VAL-39_T	TSC2	chr16	132060	21951865	1.07	0.0	21819806.0	177	0.383168	31
VAL-39_T	BRCA1,NF1,RAD51C,TP53	chr17	901872	80790600	1.3	0.0	79888729.0	831	0.361449	133
VAL-39_T	BRCA1,NF1	chr17	25253808	41369636	0.92	0.005208333333333333	16115829.0	703	0.0542047	NA
VAL-39_T	CHD1	chr5	218201	180076815	1.44	0.0	179858615.0	627	0.396744	110
VAL-39_T	CHD1	chr5	79173320	115261451	0.59	0.0	36088132.0	430	0.000605444	NA
VAL-39_T	MCPH1	chr8	150500	37184772	1.08	0.005208333333333333	37034273.0	486	0.142857	NA
VAL-39_T	MCPH1	chr8	562179	36881252	1.15	0.0	36319074.0	125	0.386547	33
UP-VAL-80_T	PTEN	chr10	1016151	135224822	1.25	0.005208333333333333	134208672.0	316	0.487889	1
UP-VAL-80_T	PTEN	chr10	42334601	135224572	1.17	0.026041666666666668	92889972.0	1148	-0.160036	NA
UP-VAL-80_T	BRCA2	chr13	32902158	33349210	1.16	0.0	447053.0	227	0.218615	NA
UP-VAL-80_T	RB1	chr13	48296848	49054227	1.26	0.0	757380.0	53	-0.0477981	NA
UP-VAL-80_T	CDH1	chr16	46377086	86569562	1.33	0.0	40192477.0	579	-0.162553	NA
UP-VAL-80_T	CDH1,FANCA	chr16	48930267	89883293	1.26	0.020833333333333332	40953027.0	224	0.464562	1
UP-VAL-80_T	BRCA1,NF1,RAD51C,TP53	chr17	901872	80790600	1.32	0.0	79888729.0	831	0.436791	22
UP-VAL-80_T	NF1	chr17	25253808	29482480	1.37	0.0	4228673.0	101	-0.16489	NA
UP-VAL-80_T	NF1	chr17	29482980	29686053	0.66	0.005208333333333333	203074.0	76	-0.187332	NA
UP-VAL-80_T	BRCA1,NF1,RAD51C	chr17	29687484	80790350	1.36	0.0	51102867.0	1246	-0.152709	NA
UP-VAL-80_T	BAP1	chr3	1189423	161171061	1.31	0.0	159981639.0	530	0.492098	54
UP-VAL-80_T	BAP1	chr3	52273420	84573790	1.32	0.0	32300371.0	393	0.40027	NA
UP-VAL-80_T	FAT1	chr4	56985494	190343547	1.23	0.0	133358054.0	301	nan	0
UP-VAL-80_T	FAT1	chr4	137705425	190436299	1.14	0.0	52730875.0	716	-0.149635	NA
UP-VAL-80_T	CHD1	chr5	49560409	180076815	1.19	0.005208333333333333	130516407.0	471	0.487387	1
UP-VAL-80_T	CHD1	chr5	97914966	98239632	0.46	0.0	324667.0	33	-0.164683	NA
UP-VAL-80_T	CHD1	chr5	98240580	112016294	1.15	0.0	13775715.0	116	-0.134817	NA
UP-VAL-80_T	MCPH1	chr8	150500	38271674	1.06	0.0	38121175.0	496	-0.15371	NA
UP-VAL-80_T	MCPH1	chr8	562179	36881252	1.08	0.010416666666666666	36319074.0	125	nan	0
UP-VAL-80_T	CDKN2A,CDKN2B	chr9	150500	38653350	1.13	0.010416666666666666	38502851.0	602	-0.155062	NA
UP-VAL-80_T	CDKN2A,CDKN2B	chr9	1206037	37034298	1.28	0.010416666666666666	35828262.0	241	0.484491	1
VAL-40_T	PTEN	chr10	1016151	135224822	1.31	0.0	134208672.0	316	0.430192	76
VAL-40_T	PTEN	chr10	88715945	91177999	0.0	0.0	2462055.0	68	-0.204023	NA
VAL-40_T	BRCA2	chr13	18993508	33334878	1.33	0.0	14341371.0	527	0.00010186	NA
VAL-40_T	BRCA2,RB1	chr13	19292855	115057489	1.35	0.0	95764635.0	402	0.373942	107
VAL-40_T	RB1	chr13	33338606	96342021	0.82	0.0	63003416.0	722	0.0196568	NA
VAL-40_T	CDH1,FANCA,PALB2,TSC2	chr16	132060	89883293	1.34	0.0	89751234.0	441	0.415989	58
VAL-40_T	PALB2,TSC2	chr16	132309	35414509	1.41	0.0	35282201.0	658	0.157534	NA
VAL-40_T	CDH1,FANCA	chr16	46377086	90095477	1.38	0.03125	43718392.0	708	0.126109	NA
VAL-40_T	TP53	chr17	901872	17117440	1.13	0.0	16215569.0	203	0.371137	21
VAL-40_T	BAP1	chr3	150500	82388872	1.07	0.0	82238373.0	1108	0.0238095	NA
VAL-40_T	BAP1	chr3	1189423	89528922	1.16	0.0	88339500.0	350	0.390331	49
VAL-40_T	FAT1	chr4	1057908	190343547	1.24	0.0	189285640.0	439	0.379552	125
VAL-40_T	FAT1	chr4	52695894	190436299	0.96	0.03125	137740406.0	1627	0.0454545	NA
VAL-40_T	CHD1	chr5	79173520	115261451	1.03	0.0	36087932.0	429	-0.296757	NA
VAL-40_T	MCPH1	chr8	150500	37488043	1.13	0.005208333333333333	37337544.0	488	0.0891996	NA
VAL-40_T	MCPH1	chr8	562179	31445946	1.14	0.0	30883768.0	121	0.376484	33
VAL-40_T	CDKN2A,CDKN2B	chr9	150500	47376002	1.03	0.109375	47225503.0	662	0.0306859	NA
VAL-40_T	CDKN2A,CDKN2B	chr9	1206037	24352220	1.17	0.0	23146184.0	175	0.382741	26
UP-VAL-41_T	ATM	chr11	107941002	108225621	0.82	0.0	284620.0	66	-0.492703	NA
UP-VAL-41_T	BRCA2	chr13	18993508	32893927	0.02	0.0	13900420.0	286	-0.295004	NA
UP-VAL-41_T	BRCA2	chr13	19292855	34302886	0.44	0.005208333333333333	15010032.0	231	0.26309	52
UP-VAL-41_T	BRCA2	chr13	32893927	33349210	0.0	0.0	455284.0	247	-0.241102	NA
UP-VAL-41_T	RB1	chr13	33349710	115056691	0.2	0.0	81706982.0	903	-0.241606	NA
UP-VAL-41_T	RB1	chr13	48761860	49921475	0.13	0.0	1159616.0	36	0.488407	3
UP-VAL-41_T	PALB2	chr16	23632662	23846951	0.4	0.0	214290.0	19	0.514343	NA
UP-VAL-41_T	NF1	chr17	29490183	29686053	0.72	0.005208333333333333	195871.0	74	0.277518	NA
UP-VAL-41_T	BRCA1	chr17	41195208	41369636	0.61	0.0	174429.0	189	-0.563084	NA
UP-VAL-41_T	BAP1	chr3	1189423	196814358	0.58	0.0	195624936.0	644	0.252753	89
UP-VAL-41_T	BAP1	chr3	47165539	90586972	0.44	0.0	43421434.0	554	-0.290043	NA
UP-VAL-41_T	FAT1	chr4	66552531	190436299	0.25	0.0	123883769.0	1435	-0.238324	NA
UP-VAL-41_T	FAT1	chr4	67936180	190343547	0.51	0.0	122407368.0	292	0.253887	80
UP-VAL-41_T	MCPH1	chr8	150500	43930232	0.05	0.036458333333333336	43779733.0	625	-0.213332	NA
UP-VAL-41_T	MCPH1	chr8	562179	42425849	0.22	0.020833333333333332	41863671.0	146	0.2799	48
UP-VAL-41_T	CDKN2A,CDKN2B	chr9	150500	35059675	0.21	0.005208333333333333	34909176.0	544	-0.272076	NA
UP-VAL-41_T	CDKN2A,CDKN2B	chr9	1206037	25774682	0.48	0.010416666666666666	24568646.0	179	0.257854	27
UP-VAL-41_T	TSC1	chr9	26555313	140509860	1.46	0.0	113954548.0	465	0.488054	42
UP-VAL-41_T	TSC1	chr9	65419970	140509610	1.39	0.036458333333333336	75089641.0	1095	0.350605	NA
UP-VAL-43_T	PTEN	chr10	42334601	135224572	1.4	0.026041666666666668	92889972.0	1148	-0.179443	NA
UP-VAL-43_T	PTEN	chr10	43225356	135224822	1.39	0.0	91999467.0	276	nan	0
UP-VAL-43_T	ATM	chr11	100636377	108225621	1.0	0.0	7589245.0	248	0.0	NA
UP-VAL-43_T	BRCA2,RB1	chr13	19292855	85226566	0.65	0.005208333333333333	65933712.0	359	0.491795	2
UP-VAL-43_T	BRCA2	chr13	29069500	32892088	0.75	0.0	3822589.0	84	-0.12592	NA
UP-VAL-43_T	BRCA2	chr13	32892088	33349210	0.2	0.0	457123.0	252	-0.186136	NA
UP-VAL-43_T	RB1	chr13	33349710	86931600	0.56	0.0	53581891.0	637	-0.154654	NA
UP-VAL-43_T	SPRED1	chr15	23004443	42059748	1.15	0.0	19055306.0	91	0.453607	7
UP-VAL-43_T	SPRED1	chr15	37392284	38757122	0.69	0.0	1364839.0	40	-0.150794	NA
UP-VAL-43_T	TP53	chr17	901872	21963692	1.14	0.020833333333333332	21061821.0	216	0.474587	2
UP-VAL-43_T	NF1	chr17	29482980	29686053	1.27	0.005208333333333333	203074.0	76	-0.177419	NA
UP-VAL-43_T	BRCA1	chr17	41201333	41369636	1.36	0.0	168304.0	173	-0.185219	NA
UP-VAL-43_T	FAT1	chr4	52695894	190436299	1.37	0.03125	137740406.0	1627	0.256547	NA
UP-VAL-43_T	MCPH1	chr8	150500	32502605	1.13	0.005208333333333333	32352106.0	442	-0.180672	NA
UP-VAL-43_T	MCPH1	chr8	562179	31030888	1.21	0.005208333333333333	30468710.0	120	nan	0
VAL-04_T	ATM	chr11	98756294	133666445	1.05	0.0	34910152.0	640	-0.322476	NA
VAL-04_T	RB1	chr13	33344238	89977621	0.66	0.0	56633384.0	666	0.177419	NA
VAL-04_T	SPRED1	chr15	19997127	73276286	0.94	0.0	53279160.0	679	-0.313817	NA
VAL-04_T	SPRED1	chr15	23004443	101954377	1.37	0.0	78949935.0	329	0.36252	54
VAL-04_T	CDH1,FANCA,PALB2,TSC2	chr16	132060	89883293	1.31	0.0	89751234.0	441	0.407165	64
VAL-04_T	CDH1,FANCA	chr16	46377086	90095477	1.41	0.03125	43718392.0	708	-0.288136	NA
VAL-04_T	BAP1	chr3	1189423	89528922	1.32	0.0	88339500.0	350	0.407287	55
VAL-04_T	BAP1	chr3	20194537	90586972	0.98	0.0	70392436.0	881	-0.138298	NA
VAL-04_T	FAT1	chr4	60568515	190436299	1.06	0.0	129867785.0	1484	0.222222	NA
VAL-04_T	FAT1	chr4	78073205	190343547	1.22	0.0	112270343.0	271	0.496873	68
VAL-04_T	CHD1	chr5	53672242	180029671	1.11	0.005208333333333333	126357430.0	1506	-0.243962	NA
VAL-04_T	CHD1	chr5	55567411	180076815	1.07	0.0	124509405.0	450	0.373432	77
VAL-04_T	MCPH1	chr8	150500	34370199	0.11	0.015625	34219700.0	458	0.0499787	NA
VAL-04_T	MCPH1	chr8	562179	31445946	-0.04	0.0	30883768.0	121	0.422962	28
VAL-04_T	CDKN2A,CDKN2B	chr9	150500	25464204	0.0	0.005208333333333333	25313705.0	435	-0.0456853	NA
VAL-04_T	CDKN2A,CDKN2B,TSC1	chr9	1206037	140509860	0.84	0.0	139303824.0	644	0.398904	69
VAL-04_T	TSC1	chr9	70557142	136198034	1.08	0.0	65640893.0	866	-0.274478	NA
UP-VAL-44_T	BRCA2	chr13	18993508	33334878	1.32	0.0	14341371.0	527	-0.269836	NA
UP-VAL-44_T	BRCA2,RB1	chr13	19292855	115057489	1.07	0.0	95764635.0	402	0.371994	120
UP-VAL-44_T	RB1	chr13	33338606	115056691	0.55	0.0	81718086.0	909	-0.197293	NA
UP-VAL-44_T	NF1,TP53	chr17	901872	40500804	1.08	0.0	39598933.0	472	0.374707	56
UP-VAL-44_T	NF1	chr17	25253808	40716519	0.75	0.0	15462712.0	491	-0.210758	NA
UP-VAL-44_T	BAP1	chr3	150500	90586972	0.69	0.010416666666666666	90436473.0	1199	-0.188679	NA
UP-VAL-44_T	BAP1	chr3	1189423	100040014	0.78	0.0	98850592.0	356	0.386502	59
UP-VAL-44_T	CHD1	chr5	49407183	180029671	0.91	0.0	130622489.0	1544	-0.218232	NA
UP-VAL-44_T	CHD1	chr5	49560409	180076815	0.95	0.0	130516407.0	471	0.37688	70
UP-VAL-44_T	MCPH1	chr8	150500	36880801	0.49	0.005208333333333333	36730302.0	483	-0.0217028	NA
UP-VAL-44_T	MCPH1	chr8	562179	36848922	0.5	0.0	36286744.0	124	0.409093	28
UP-VAL-44_T	CDKN2A,CDKN2B,TSC1	chr9	1206037	140509860	1.4	0.0	139303824.0	644	0.396256	68
UP-VAL-44_T	TSC1	chr9	70709199	136409528	1.09	0.0	65700330.0	870	-0.326087	NA
UP-VAL-45_T	ATM	chr11	108098331	108225621	0.68	0.0	127291.0	62	-0.355204	NA
UP-VAL-45_T	BRCA2	chr13	18993508	32892088	1.15	0.0	13898581.0	281	-0.212918	NA
UP-VAL-45_T	BRCA2	chr13	19292855	32951595	1.24	0.0	13658741.0	179	0.166821	41
UP-VAL-45_T	BRCA2	chr13	32892088	32973920	0.41	0.005208333333333333	81833.0	213	-0.223705	NA
UP-VAL-45_T	BRCA2	chr13	32951596	32970236	1.39	0.0	18641.0	8	0.175874	13
UP-VAL-45_T	BRCA2,RB1	chr13	32970237	48881812	1.46	0.0	15911576.0	88	0.173848	14
UP-VAL-45_T	RB1	chr13	32974420	48916214	1.41	0.0	15941795.0	261	-0.273973	NA
UP-VAL-45_T	RB1	chr13	48916465	48923429	-0.9	0.005208333333333333	6965.0	4	nan	0
UP-VAL-45_T	RB1	chr13	48916714	50275549	0.0	0.005208333333333333	1358836.0	62	0.140625	NA
UP-VAL-45_T	RB1	chr13	48947271	50033638	-0.77	0.005208333333333333	1086368.0	25	0.489477	2
UP-VAL-45_T	SPRED1	chr15	19997127	101953926	0.43	0.03125	81956800.0	1076	-0.0838926	NA
UP-VAL-45_T	SPRED1	chr15	23004443	63741258	0.43	0.005208333333333333	40736816.0	147	0.237855	36
UP-VAL-45_T	CDH1,FANCA	chr16	46377086	90095477	0.45	0.03125	43718392.0	708	-0.129276	NA
UP-VAL-45_T	CDH1,FANCA	chr16	65897102	89883293	0.33	0.0	23986192.0	176	0.250906	26
UP-VAL-45_T	NF1	chr17	29490183	29686053	0.78	0.005208333333333333	195871.0	74	-0.468254	NA
UP-VAL-45_T	BRCA1	chr17	41195208	41369636	1.16	0.0	174429.0	189	-0.282546	NA
UP-VAL-45_T	BAP1	chr3	28699572	110147090	1.45	0.0	81447519.0	236	0.169743	22
UP-VAL-45_T	FAT1	chr4	126238589	190436299	1.37	0.0	64197711.0	871	-0.0640138	NA
UP-VAL-45_T	MCPH1	chr8	150500	39464755	0.3	0.0	39314256.0	579	-0.0898633	NA
UP-VAL-45_T	MCPH1	chr8	5990697	38705920	0.47	0.0	32715224.0	120	0.225921	26
UP-VAL-45_T	CDKN2A,CDKN2B	chr9	150500	47376002	1.19	0.109375	47225503.0	662	-0.236498	NA
UP-VAL-45_T	CDKN2A,CDKN2B	chr9	1206037	26556213	1.23	0.0	25350177.0	180	0.175056	25
UP-VAL-46_T	PTEN	chr10	89432285	114393750	1.15	0.0	24961466.0	346	0.0763391	NA
UP-VAL-46_T	BRCA2	chr13	18993508	32889259	0.44	0.0	13895752.0	273	-0.630906	NA
UP-VAL-46_T	BRCA2	chr13	19292855	32896574	0.66	0.0	13603720.0	126	0.20688	19
UP-VAL-46_T	BRCA2	chr13	32889259	33378084	0.0	0.0	488826.0	261	-0.47473	NA
UP-VAL-46_T	BRCA2	chr13	32896605	32943863	0.61	0.0	47259.0	41	0.228889	16
UP-VAL-46_T	BRCA2	chr13	32943864	32951595	0.71	0.0	7732.0	12	0.484327	4
UP-VAL-46_T	BRCA2	chr13	32951596	36105397	0.44	0.0	3153802.0	60	0.22066	25
UP-VAL-46_T	RB1	chr13	33378584	115056691	0.44	0.0	81678108.0	902	-0.480952	NA
UP-VAL-46_T	RB1	chr13	36646703	49921475	0.59	0.0	13274773.0	68	0.208914	13
UP-VAL-46_T	SPRED1	chr15	19997127	41365589	1.02	0.0	21368463.0	295	0.256944	NA
UP-VAL-46_T	SPRED1	chr15	23004443	89860328	1.3	0.0	66855886.0	265	0.466225	47
UP-VAL-46_T	PALB2	chr16	23632662	23846951	0.0	0.0	214290.0	19	NA	NA
UP-VAL-46_T	NF1	chr17	29486007	29686053	0.4	0.005208333333333333	200047.0	75	NA	NA
UP-VAL-46_T	BRCA1	chr17	41201333	41369636	0.43	0.0	168304.0	173	-0.804348	NA
UP-VAL-46_T	BAP1	chr3	47165539	90586972	0.92	0.0	43421434.0	554	-0.492063	NA
UP-VAL-46_T	BAP1	chr3	51812502	89528922	0.67	0.0	37716421.0	126	0.215975	14
UP-VAL-46_T	FAT1	chr4	57884603	190343547	0.74	0.0	132458945.0	299	0.495217	78
UP-VAL-46_T	FAT1	chr4	155287341	190436299	0.94	0.005208333333333333	35148959.0	454	0.35174	NA
UP-VAL-46_T	CHD1	chr5	49560409	180076815	0.56	0.0	130516407.0	471	0.203807	76
UP-VAL-46_T	CHD1	chr5	79950526	112341689	0.0	0.0	32391164.0	398	-0.716015	NA
UP-VAL-46_T	MCPH1	chr8	150500	43930232	0.81	0.036458333333333336	43779733.0	625	-0.454693	NA
UP-VAL-46_T	MCPH1	chr8	5023908	8644388	0.61	0.0	3620481.0	38	0.21673	13
UP-VAL-46_T	CDKN2A,CDKN2B	chr9	10917360	24495691	0.64	0.0	13578332.0	59	0.203588	18
UP-VAL-46_T	CDKN2A,CDKN2B	chr9	14396632	22945118	0.78	0.0	8548487.0	150	-0.463569	NA
UP-VAL-46_T	TSC1	chr9	65419970	136290362	0.89	0.0	70870393.0	901	-0.495807	NA
UP-VAL-46_T	TSC1	chr9	127911682	137933825	0.74	0.0	10022144.0	204	0.216167	17
UP-VAL-47_T	PTEN	chr10	1016151	135224822	1.37	0.0	134208672.0	316	0.493092	72
UP-VAL-47_T	ATM	chr11	71935759	133666695	1.01	0.0	61730937.0	369	0.497611	73
UP-VAL-47_T	ATM	chr11	86134030	133666445	1.15	0.005208333333333333	47532416.0	822	0.114094	NA
UP-VAL-47_T	BRCA2,RB1	chr13	18993508	115056691	0.85	0.005208333333333333	96063184.0	1436	-0.345324	NA
UP-VAL-47_T	BRCA2,RB1	chr13	19292855	115057489	0.98	0.0	95764635.0	402	0.354358	61
UP-VAL-47_T	BRCA1,NF1,TP53	chr17	901872	41828946	0.93	0.0	40927075.0	573	0.361501	102
UP-VAL-47_T	BRCA1,NF1	chr17	25253808	42484000	0.51	0.0	17230193.0	743	-0.330684	NA
UP-VAL-47_T	BAP1	chr3	20707403	87273805	1.05	0.0	66566403.0	826	-0.166636	NA
UP-VAL-47_T	FAT1	chr4	1057908	190343547	1.45	0.0	189285640.0	439	0.426934	102
UP-VAL-47_T	FAT1	chr4	150752958	190436299	1.26	0.0	39683342.0	546	-0.265306	NA
UP-VAL-47_T	CHD1	chr5	49407183	180075967	0.95	0.041666666666666664	130668785.0	1575	-0.395695	NA
UP-VAL-47_T	CHD1	chr5	49560409	180076815	0.79	0.0	130516407.0	471	0.356049	75
UP-VAL-47_T	MCPH1	chr8	150500	37184772	0.05	0.005208333333333333	37034273.0	486	-0.0113626	NA
UP-VAL-47_T	MCPH1	chr8	562179	36881252	-0.27	0.0	36319074.0	125	0.418108	30
UP-VAL-47_T	CDKN2A,CDKN2B	chr9	150500	47376002	1.0	0.109375	47225503.0	662	-0.323595	NA
UP-VAL-47_T	CDKN2A,CDKN2B,TSC1	chr9	1206037	140509860	0.87	0.0	139303824.0	644	0.355946	81
UP-VAL-47_T	TSC1	chr9	65419970	140509610	1.19	0.036458333333333336	75089641.0	1095	-0.254798	NA
VAL-08_T	PTEN	chr10	89432285	94116890	1.08	0.0	4684606.0	93	0.310409	NA
VAL-08_T	BRCA2	chr13	18993508	33284263	1.37	0.0	14290756.0	516	0.134392	NA
VAL-08_T	BRCA2,RB1	chr13	19292855	115057489	1.41	0.0	95764635.0	402	0.345462	86
VAL-08_T	RB1	chr13	33284763	90129094	0.97	0.0	56844332.0	680	0.168258	NA
VAL-08_T	SPRED1	chr15	23004443	101954377	1.48	0.0	78949935.0	329	0.332024	64
VAL-08_T	SPRED1	chr15	35422473	86321011	1.18	0.0	50898539.0	673	0.141542	NA
VAL-08_T	FAT1	chr4	145187644	190436299	1.24	0.0	45248656.0	594	0.382979	NA
VAL-08_T	CDKN2A,CDKN2B	chr9	150500	47376002	1.28	0.109375	47225503.0	662	0.277766	NA
VAL-08_T	TSC1	chr9	65419970	136291062	1.33	0.0	70871093.0	902	0.351216	NA
UP-VAL-48_T	ATM	chr11	532366	133666695	1.44	0.0	133134330.0	575	0.430027	107
UP-VAL-48_T	ATM	chr11	102096454	133666445	1.04	0.010416666666666666	31569992.0	529	0.0134204	NA
UP-VAL-48_T	RB1	chr13	33284763	115056691	1.09	0.0	81771929.0	920	0.329456	NA
UP-VAL-48_T	SPRED1	chr15	23004443	101954377	1.3	0.0	78949935.0	329	0.494178	50
UP-VAL-48_T	SPRED1	chr15	35422473	87978377	0.86	0.0	52555905.0	688	0.322526	NA
UP-VAL-48_T	BAP1	chr3	150500	90586972	1.14	0.010416666666666666	90436473.0	1199	0.104035	NA
UP-VAL-48_T	BAP1	chr3	1189423	102988221	1.43	0.0	101798799.0	358	0.424449	54
UP-VAL-48_T	FAT1	chr4	52695894	190436299	1.28	0.03125	137740406.0	1627	0.34193	NA
VAL-11_T	ATM	chr11	107941002	108236255	0.38	0.0	295254.0	70	-0.67122	NA
VAL-11_T	BRCA2	chr13	18993508	32892088	1.36	0.0	13898581.0	281	0.12504	NA
VAL-11_T	BRCA2	chr13	32892088	33349210	0.01	0.0	457123.0	252	-0.354255	NA
VAL-11_T	RB1	chr13	48056221	89977621	0.82	0.0	41921401.0	467	0.237533	NA
VAL-11_T	PALB2	chr16	23625304	23846951	0.0	0.0	221648.0	20	NA	NA
VAL-11_T	NF1	chr17	29482980	29686053	0.66	0.005208333333333333	203074.0	76	-1.06566	NA
VAL-11_T	BRCA1	chr17	41201333	41369636	0.0	0.0	168304.0	173	-1.07173	NA
VAL-11_T	CHD1	chr5	79952209	112341689	0.8	0.0	32389481.0	397	0.137529	NA
VAL-11_T	MCPH1	chr8	150500	36708865	1.2	0.005208333333333333	36558366.0	478	0.253086	NA
VAL-11_T	MCPH1	chr8	562179	36014087	1.37	0.0	35451909.0	123	0.491768	27
UP-VAL-51_T	FAT1	chr4	130692831	188844411	1.21	0.0	58151581.0	737	0.182213	NA
UP-VAL-51_T	CHD1	chr5	49407183	161624182	1.12	0.005208333333333333	112217000.0	1287	0.144113	NA
UP-VAL-51_T	CHD1	chr5	49560409	180076815	1.27	0.0	130516407.0	471	0.391471	98
UP-VAL-51_T	CDKN2A,CDKN2B	chr9	150500	47376002	0.99	0.109375	47225503.0	662	0.222858	NA
UP-VAL-51_T	CDKN2A,CDKN2B,TSC1	chr9	1206037	140509860	1.25	0.0	139303824.0	644	0.413437	74
UP-VAL-51_T	TSC1	chr9	65419970	140509610	1.3	0.036458333333333336	75089641.0	1095	0.195392	NA
VAL-12_T	ATM	chr11	107941002	108225621	1.12	0.0	284620.0	66	-0.752459	NA
VAL-12_T	BRCA2,RB1	chr13	19292855	115057489	1.17	0.0	95764635.0	402	0.487166	117
VAL-12_T	BRCA2	chr13	32498717	34372338	0.0	0.0	1873622.0	295	0.355547	NA
VAL-12_T	RB1	chr13	34372838	51500575	0.86	0.0	17127738.0	285	0.3055	NA
VAL-12_T	SPRED1	chr15	19997127	40839856	0.46	0.0	20842730.0	274	0.0181486	NA
VAL-12_T	SPRED1	chr15	23004443	46851029	0.29	0.0	23846587.0	96	0.45198	16
VAL-12_T	FANCA	chr16	89804363	89881041	0.14	0.0	76679.0	43	0.319706	NA
VAL-12_T	NF1	chr17	25253808	39643846	1.47	0.0	14390039.0	411	0.156751	NA
VAL-12_T	BRCA1	chr17	39644346	41276495	0.1	0.0	1632150.0	290	0.735209	NA
VAL-12_T	RAD51C	chr17	56410040	63173084	0.88	0.0	6763045.0	183	0.239953	NA
VAL-12_T	BAP1	chr3	1189423	63556759	1.02	0.0	62367337.0	297	0.368222	47
VAL-12_T	BAP1	chr3	8743909	54215762	0.66	0.0	45471854.0	727	-0.132286	NA
VAL-12_T	CHD1	chr5	52222900	145647598	0.94	0.0	93424699.0	252	0.367806	36
VAL-12_T	CHD1	chr5	54448029	147181098	0.88	0.0	92733070.0	1002	-0.188117	NA
VAL-12_T	MCPH1	chr8	562179	38705920	0.09	0.0	38143742.0	137	0.42442	41
VAL-12_T	MCPH1	chr8	2313618	40049894	0.25	0.0	37736277.0	564	0.150224	NA
VAL-12_T	CDKN2A,CDKN2B	chr9	4414149	36671772	0.57	0.0	32257624.0	498	0.133228	NA
VAL-12_T	CDKN2A,CDKN2B	chr9	4733542	28427003	0.45	0.0	23693462.0	165	0.419224	25
UP-VAL-52_T	FAT1	chr4	130084379	190436299	1.13	0.0	60351921.0	778	0.052738	NA
UP-VAL-52_T	CHD1	chr5	49407183	180075967	1.22	0.041666666666666664	130668785.0	1575	0.128938	NA
UP-VAL-52_T	CDKN2A,CDKN2B	chr9	150500	47376002	0.98	0.109375	47225503.0	662	0.11156	NA
UP-VAL-52_T	CDKN2A,CDKN2B,TSC1	chr9	1206037	140509860	1.1	0.0	139303824.0	644	0.450225	74
UP-VAL-52_T	TSC1	chr9	65419970	140509610	1.09	0.036458333333333336	75089641.0	1095	0.0759794	NA
VAL-13_T	BRCA2	chr13	18993508	32893927	1.46	0.0	13900420.0	286	0.172808	NA
VAL-13_T	BRCA2	chr13	32893927	32973920	0.49	0.005208333333333333	79994.0	208	-1.1555	NA
VAL-13_T	TSC2	chr16	2111851	2294889	0.0	0.005208333333333333	183039.0	55	-1.44778	NA
VAL-13_T	BRCA1	chr17	41192674	41272491	0.0	0.015625	79818.0	190	0.360846	NA
VAL-13_T	CDKN2A,CDKN2B	chr9	21816078	22945569	-1.88	0.0	1129492.0	14	0.489303	3
VAL-13_T	CDKN2A,CDKN2B	chr9	21817458	23231553	0.0	0.005208333333333333	1414096.0	32	0.366315	NA
VAL-14_T	BRCA2,RB1	chr13	18993508	115056691	0.47	0.005208333333333333	96063184.0	1436	0.0292704	NA
VAL-14_T	BRCA2,RB1	chr13	19292855	115057489	0.92	0.0	95764635.0	402	0.404691	105
VAL-14_T	SPRED1	chr15	19997127	41365589	0.76	0.0	21368463.0	295	0.0527631	NA
VAL-14_T	SPRED1	chr15	23004443	101954377	0.95	0.0	78949935.0	329	0.403353	44
VAL-14_T	TP53	chr17	901872	9712705	0.93	0.0	8810834.0	140	0.410899	15
VAL-14_T	NF1	chr17	29554520	29664918	0.74	0.0	110399.0	44	0.365772	NA
VAL-14_T	BRCA1	chr17	41201845	41271601	1.44	0.015625	69757.0	160	-1.21403	NA
VAL-14_T	BAP1	chr3	150500	90586972	1.34	0.010416666666666666	90436473.0	1199	0.263732	NA
VAL-14_T	CHD1	chr5	79950526	112341689	1.39	0.0	32391164.0	398	0.174616	NA
VAL-14_T	CDKN2A,CDKN2B	chr9	150500	28426753	0.08	0.0	28276254.0	484	0.234635	NA
VAL-14_T	CDKN2A,CDKN2B	chr9	1206037	27229500	0.36	0.0	26023464.0	204	0.450402	27
VAL-15_T	RB1	chr13	33344238	92868759	1.31	0.0	59524522.0	692	0.427653	NA
VAL-15_T	SPRED1	chr15	19997127	101953926	1.46	0.03125	81956800.0	1076	0.078137	NA
VAL-15_T	SPRED1	chr15	23004443	40259954	1.44	0.0	17255512.0	51	0.26559	30
VAL-15_T	TP53	chr17	150500	7814923	1.36	0.0	7664424.0	208	0.253521	NA
UP-VAL-55_T	BRCA2	chr13	18993508	32891042	0.5	0.0	13897535.0	280	0.238532	NA
UP-VAL-55_T	BRCA2,RB1	chr13	19292855	115057489	0.66	0.0	95764635.0	402	0.463029	98
UP-VAL-55_T	RB1	chr13	33344238	115056691	0.28	0.0	81712454.0	908	0.207207	NA
UP-VAL-55_T	FAT1	chr4	184140680	190436299	0.88	0.0	6295620.0	200	0.170841	NA
UP-VAL-55_T	MCPH1	chr8	150500	30275341	0.56	0.005208333333333333	30124842.0	393	-0.0490839	NA
VAL-16_T	ATM	chr11	102096454	118353230	1.43	0.0	16256777.0	312	-0.131365	NA
VAL-16_T	RB1	chr13	33344238	96620446	1.45	0.0	63276209.0	724	0.320274	NA
VAL-16_T	CDH1,FANCA	chr16	46377086	90095477	1.44	0.03125	43718392.0	708	0.0567926	NA
VAL-16_T	TP53	chr17	150500	15317422	1.15	0.005208333333333333	15166923.0	354	0.083668	NA
VAL-16_T	TP53	chr17	901872	10199279	1.13	0.0	9297408.0	141	0.398358	20
VAL-16_T	BAP1	chr3	150500	90586972	1.19	0.010416666666666666	90436473.0	1199	-0.00356312	NA
VAL-16_T	BAP1	chr3	1189423	94845402	1.39	0.0	93655980.0	351	0.369376	59
VAL-16_T	FAT1	chr4	52695894	190436299	1.15	0.03125	137740406.0	1627	0.365293	NA
VAL-16_T	MCPH1	chr8	150500	43930232	1.0	0.036458333333333336	43779733.0	625	0.173727	NA
VAL-16_T	MCPH1	chr8	562179	42425849	0.88	0.0	41863671.0	146	0.410003	36
VAL-16_T	CDKN2A,CDKN2B,TSC1	chr9	1206037	140509860	1.27	0.0	139303824.0	644	0.400093	69
VAL-16_T	CDKN2A,CDKN2B	chr9	21407437	25618867	0.0	0.005208333333333333	4211431.0	86	0.351256	NA
VAL-16_T	TSC1	chr9	65419970	136198034	1.13	0.015625	70778065.0	900	0.0937637	NA
UP-VAL-56_T	ATM	chr11	71935759	133666695	1.05	0.0	61730937.0	369	0.387104	36
UP-VAL-56_T	ATM	chr11	103745433	133666445	0.63	0.005208333333333333	29921013.0	509	-0.123116	NA
UP-VAL-56_T	RB1	chr13	48056221	72204167	0.4	0.0	24147947.0	300	0.203704	NA
UP-VAL-56_T	TP53	chr17	901872	17118451	0.75	0.0	16216580.0	204	0.387331	21
UP-VAL-56_T	BAP1	chr3	150500	90586972	0.59	0.010416666666666666	90436473.0	1199	-0.0327217	NA
UP-VAL-56_T	BAP1	chr3	1189423	89528922	0.86	0.0	88339500.0	350	0.389575	53
UP-VAL-56_T	FAT1	chr4	1057908	190343547	0.75	0.0	189285640.0	439	0.396597	92
UP-VAL-56_T	FAT1	chr4	52695894	190436299	0.42	0.03125	137740406.0	1627	-0.022144	NA
UP-VAL-56_T	MCPH1	chr8	150500	36431054	0.74	0.010416666666666666	36280555.0	476	0.124886	NA
UP-VAL-56_T	MCPH1	chr8	562179	103289626	1.19	0.0	102727448.0	275	0.420553	57
UP-VAL-56_T	CDKN2A,CDKN2B	chr9	150500	47376002	0.41	0.109375	47225503.0	662	0.0104085	NA
VAL-19_T	BRCA2,RB1	chr13	18993508	115056691	1.42	0.005208333333333333	96063184.0	1436	0.283017	NA
VAL-19_T	CDKN2A,CDKN2B	chr9	150500	47376002	1.37	0.109375	47225503.0	662	0.159329	NA
VAL-19_T	CDKN2A,CDKN2B,TSC1	chr9	1206037	140509860	1.44	0.0	139303824.0	644	0.469291	74
VAL-59_T	ATM	chr11	100494995	108225621	1.04	0.0	7730627.0	249	-0.613475	NA
VAL-59_T	BRCA2,RB1	chr13	18993508	115056691	0.73	0.005208333333333333	96063184.0	1436	-0.0660555	NA
VAL-59_T	BRCA2,RB1	chr13	19292855	115057489	1.16	0.0	95764635.0	402	0.372126	104
VAL-59_T	PALB2,TSC2	chr16	132060	48931167	1.06	0.0	48799108.0	218	0.382146	29
VAL-59_T	NF1	chr17	29490183	29686053	0.72	0.005208333333333333	195871.0	74	-1.11918	NA
VAL-59_T	BRCA1	chr17	41210651	41249504	0.8	0.005208333333333333	38854.0	99	0.185032	NA
VAL-59_T	FAT1	chr4	1057908	190343547	1.42	0.0	189285640.0	439	0.491565	112
VAL-59_T	FAT1	chr4	52695894	190436299	1.21	0.03125	137740406.0	1627	0.229345	NA
VAL-59_T	CHD1	chr5	79952209	112503036	1.44	0.0	32550828.0	398	0.077573	NA
VAL-59_T	MCPH1	chr8	150500	6792519	0.0	0.0	6642020.0	134	0.18433	NA
VAL-59_T	MCPH1	chr8	562179	22374524	-0.21	0.0	21812346.0	65	0.469583	25
VAL-59_T	CDKN2A,CDKN2B	chr9	19281300	23440915	0.04	0.0	4159616.0	96	0.205732	NA
VAL-59_T	CDKN2A,CDKN2B,TSC1	chr9	19371969	140509860	1.32	0.0	121137892.0	502	0.352558	53
VAL-20_T	BRCA2	chr13	18993508	33338752	1.43	0.0	14345245.0	528	-0.0646173	NA
VAL-20_T	BRCA2,RB1	chr13	19292855	115057489	0.97	0.0	95764635.0	402	0.348679	81
VAL-20_T	RB1	chr13	33344238	96620446	0.68	0.0	63276209.0	724	-0.0719921	NA
VAL-20_T	CDKN2A,CDKN2B	chr9	150500	47376002	0.95	0.109375	47225503.0	662	0.346466	NA
VAL-20_T	CDKN2A,CDKN2B,TSC1	chr9	1206037	140509860	0.95	0.0	139303824.0	644	0.492637	66
VAL-20_T	TSC1	chr9	65419970	137496291	1.13	0.0	72076322.0	940	0.336358	NA
VAL-60_T	SPRED1	chr15	19997127	101953926	1.33	0.03125	81956800.0	1076	0.261905	NA
VAL-60_T	SPRED1	chr15	23004443	101954377	1.3	0.0	78949935.0	329	0.470303	45
VAL-60_T	TP53	chr17	901872	26679410	1.27	0.0	25777539.0	219	0.330093	22
VAL-60_T	CHD1	chr5	45734633	149460857	1.25	0.0	103726225.0	281	0.327691	38
VAL-60_T	CHD1	chr5	49407183	149327531	1.21	0.0	99920349.0	1063	-0.151149	NA
VAL-60_T	MCPH1	chr8	150500	43930232	1.41	0.036458333333333336	43779733.0	625	0.339347	NA
VAL-60_T	MCPH1	chr8	562179	42425849	1.28	0.0	41863671.0	146	0.494696	41
VAL-60_T	CDKN2A,CDKN2B	chr9	150500	47376002	1.1	0.109375	47225503.0	662	-0.171914	NA
VAL-60_T	CDKN2A,CDKN2B,TSC1	chr9	1206037	140509860	1.3	0.0	139303824.0	644	0.321741	77
VAL-60_T	TSC1	chr9	65419970	136291062	1.35	0.0	70871093.0	902	-0.141221	NA
VAL-21_T	PTEN	chr10	1016151	135224822	1.24	0.0	134208672.0	316	0.437559	69
VAL-21_T	PTEN	chr10	56102587	125122415	0.95	0.0	69019829.0	890	0.093985	NA
VAL-21_T	BRCA2,RB1	chr13	18993508	59178257	0.5	0.0	40184750.0	913	0.087673	NA
VAL-21_T	BRCA2,RB1	chr13	19292855	115057489	1.23	0.0	95764635.0	402	0.428218	118
VAL-21_T	SPRED1	chr15	19997127	40839856	1.44	0.0	20842730.0	274	0.258547	NA
VAL-21_T	SPRED1	chr15	23004443	101954377	1.24	0.0	78949935.0	329	0.433089	67
VAL-21_T	CDH1	chr16	66421585	70514654	0.54	0.0	4093070.0	122	0.0246843	NA
VAL-21_T	TP53	chr17	150500	19185841	0.87	0.005208333333333333	19035342.0	444	0.1081	NA
VAL-21_T	TP53	chr17	901872	17131721	1.12	0.0	16229850.0	213	0.41042	24
VAL-21_T	BRCA1	chr17	41201333	41271601	1.41	0.015625	70269.0	162	0.128571	NA
VAL-21_T	BAP1	chr3	150500	90586972	0.93	0.010416666666666666	90436473.0	1199	0.118034	NA
VAL-21_T	BAP1	chr3	1189423	196814358	1.2	0.0	195624936.0	644	0.409882	90
VAL-21_T	CHD1	chr5	64068374	149433111	0.87	0.0	85364738.0	899	0.0652761	NA
VAL-21_T	MCPH1	chr8	150500	7154817	0.06	0.0	7004318.0	145	0.817073	NA
VAL-21_T	MCPH1	chr8	562179	71129250	0.98	0.0	70567072.0	220	0.415413	44
VAL-61_T	PTEN	chr10	42334601	135224572	0.14	0.026041666666666668	92889972.0	1148	-0.418471	NA
VAL-61_T	PTEN	chr10	43225356	135224822	0.23	0.005208333333333333	91999467.0	276	0.133726	44
VAL-61_T	ATM	chr11	80271497	133666695	0.22	0.005208333333333333	53395199.0	288	0.133053	32
VAL-61_T	ATM	chr11	100494995	108226854	0.0	0.0	7731860.0	250	-0.425574	NA
VAL-61_T	ATM	chr11	108226854	133666445	0.12	0.0	25439592.0	374	-0.40656	NA
VAL-61_T	BRCA2	chr13	32889259	33349210	1.12	0.0	459952.0	260	-0.469777	NA
VAL-61_T	SPRED1	chr15	19997127	48329285	0.82	0.0	28332159.0	403	0.181345	NA
VAL-61_T	SPRED1	chr15	23004443	101954377	1.47	0.0	78949935.0	329	0.367548	56
VAL-61_T	PALB2	chr16	23625304	23976990	0.69	0.0	351687.0	22	0.524573	NA
VAL-61_T	TP53	chr17	901872	21963692	0.19	0.020833333333333332	21061821.0	216	0.446936	12
VAL-61_T	BRCA1	chr17	41201333	41276495	0.7	0.015625	75163.0	171	-0.418664	NA
VAL-61_T	BAP1	chr3	1189423	110147090	0.26	0.005208333333333333	108957668.0	364	0.132277	32
VAL-61_T	BAP1	chr3	47165539	90586972	0.19	0.0	43421434.0	554	-0.394223	NA
VAL-61_T	CHD1	chr5	49407183	180075967	0.03	0.041666666666666664	130668785.0	1575	-0.427708	NA
VAL-61_T	CHD1	chr5	66163059	112157958	0.37	0.005208333333333333	45994900.0	144	0.485419	8
VAL-61_T	TSC1	chr9	65419970	140509610	1.22	0.036458333333333336	75089641.0	1095	-0.458781	NA
VAL-61_T	TSC1	chr9	95236756	140509860	1.28	0.0	45273105.0	339	0.486377	4
VAL-22_T	PTEN	chr10	1016151	135224822	1.44	0.0	134208672.0	316	0.414162	70
VAL-22_T	PTEN	chr10	89432285	98336502	0.46	0.0	8904218.0	145	-0.0635492	NA
VAL-22_T	ATM	chr11	107941002	108236255	0.54	0.0	295254.0	70	-0.773292	NA
VAL-22_T	BRCA2,RB1	chr13	30611889	90128394	0.5	0.0	59516506.0	970	-0.00765584	NA
VAL-22_T	SPRED1	chr15	23004443	101954377	0.94	0.0	78949935.0	329	0.39872	45
VAL-22_T	SPRED1	chr15	36267296	42059498	0.26	0.0	5792203.0	187	0.0313758	NA
VAL-22_T	TP53	chr17	901872	21963692	0.9	0.0	21061821.0	216	0.315238	31
VAL-22_T	NF1	chr17	29482980	29687741	0.91	0.005208333333333333	204762.0	77	-1.10757	NA
VAL-22_T	BAP1	chr3	1189423	196814358	1.45	0.0	195624936.0	644	0.427422	101
VAL-22_T	FAT1	chr4	1057908	190343547	1.46	0.0	189285640.0	439	0.424201	100
VAL-22_T	FAT1	chr4	52695894	190436299	1.23	0.03125	137740406.0	1627	0.126563	NA
VAL-22_T	CHD1	chr5	80172201	112175874	1.47	0.0	32003674.0	353	0.191358	NA
VAL-22_T	CDKN2A,CDKN2B	chr9	150500	47376002	0.08	0.109375	47225503.0	662	-0.246269	NA
VAL-22_T	CDKN2A,CDKN2B,TSC1	chr9	1206037	140509860	0.54	0.0	139303824.0	644	0.305769	64
VAL-62_T	PTEN	chr10	38623019	135224822	1.11	0.0	96601804.0	277	0.494318	70
VAL-62_T	PTEN	chr10	50187904	124221795	1.18	0.0	74033892.0	940	0.431386	NA
VAL-62_T	FANCA	chr16	87958112	89883293	1.39	0.0	1925182.0	56	0.433262	3
VAL-62_T	FANCA	chr16	89393015	90095477	1.31	0.03125	702463.0	63	0.333399	NA
VAL-62_T	TP53	chr17	901872	10199279	1.11	0.0	9297408.0	141	0.182191	18
VAL-62_T	BAP1	chr3	150500	90586972	1.18	0.010416666666666666	90436473.0	1199	-0.0103444	NA
VAL-62_T	BAP1	chr3	1189423	89528922	1.13	0.005208333333333333	88339500.0	350	0.191497	50
VAL-62_T	CHD1	chr5	49407183	180075967	1.2	0.041666666666666664	130668785.0	1575	-0.038674	NA
VAL-62_T	CHD1	chr5	49560409	112180093	1.03	0.005208333333333333	62619685.0	201	0.207331	18
VAL-62_T	CDKN2A,CDKN2B	chr9	150500	47376002	1.16	0.109375	47225503.0	662	-0.0547087	NA
VAL-62_T	CDKN2A,CDKN2B	chr9	21264809	24750629	1.2	0.0	3485821.0	26	0.192989	9
VAL-62_T	TSC1	chr9	65419970	136198034	1.19	0.015625	70778065.0	900	-0.0518957	NA
VAL-62_T	TSC1	chr9	133759086	135772771	1.28	0.0	2013686.0	12	0.188618	8
VAL-62_T	TSC1	chr9	135772772	137619513	1.31	0.0	1846742.0	44	0.485107	5
VAL-23_T	PTEN	chr10	1016151	135224822	1.45	0.0	134208672.0	316	0.495207	71
VAL-23_T	BRCA2,RB1	chr13	19292855	115057489	1.45	0.0	95764635.0	402	0.497718	101
VAL-23_T	BRCA2,RB1	chr13	32498717	90128394	1.13	0.0	57629678.0	933	0.368213	NA
VAL-23_T	NF1	chr17	29490183	29686053	0.34	0.005208333333333333	195871.0	74	0.386481	NA
VAL-23_T	BRCA1	chr17	41230713	41249832	0.42	0.0	19120.0	57	-0.822449	NA
VAL-23_T	BAP1	chr3	1189423	104896015	1.41	0.0	103706593.0	359	0.264326	62
VAL-23_T	MCPH1	chr8	562179	146144253	1.42	0.0	145582075.0	354	0.495743	78
VAL-23_T	CDKN2A,CDKN2B	chr9	150500	47376002	1.48	0.109375	47225503.0	662	0.37013	NA
VAL-63_T	BRCA2	chr13	18993508	32890532	1.16	0.0	13897025.0	278	0.223674	NA
VAL-63_T	BRCA2,RB1	chr13	19292855	115057489	1.33	0.0	95764635.0	402	0.430585	113
VAL-63_T	RB1	chr13	33284763	115056691	0.84	0.0	81771929.0	920	0.254861	NA
VAL-63_T	SPRED1	chr15	35422473	88272555	1.22	0.0	52850083.0	690	0.339228	NA
VAL-63_T	MCPH1	chr8	150500	38271399	1.15	0.0	38120900.0	495	0.237263	NA
VAL-63_T	MCPH1	chr8	562179	36848922	1.15	0.0	36286744.0	124	0.426766	34
VAL-63_T	CDKN2A,CDKN2B	chr9	150500	47376002	1.23	0.109375	47225503.0	662	0.37013	NA
VAL-63_T	TSC1	chr9	65419970	136197833	1.46	0.015625	70777864.0	899	0.315533	NA
VAL-24_T	PTEN	chr10	89624825	91229981	0.59	0.0	1605157.0	48	0.295918	NA
VAL-24_T	SPRED1	chr15	36267997	42742437	1.15	0.0	6474441.0	192	0.289916	NA
VAL-24_T	NF1	chr17	29490183	29687741	1.11	0.005208333333333333	197559.0	75	0.368996	NA
VAL-24_T	FAT1	chr4	86486789	190436299	1.36	0.0	103949511.0	1241	0.225733	NA
VAL-24_T	MCPH1	chr8	150500	37791314	1.31	0.020833333333333332	37640815.0	490	0.278406	NA
VAL-24_T	CDKN2A,CDKN2B	chr9	150500	47376002	1.43	0.109375	47225503.0	662	0.167413	NA
VAL-64_T	PTEN	chr10	1016151	135224822	0.73	0.0	134208672.0	316	0.405096	67
VAL-64_T	PTEN	chr10	55781881	123352702	0.69	0.0	67570822.0	864	-0.0842912	NA
VAL-64_T	BRCA2,RB1	chr13	18993508	115056691	0.77	0.005208333333333333	96063184.0	1436	0.299008	NA
VAL-64_T	BRCA2,RB1	chr13	19292855	115057489	0.91	0.0	95764635.0	402	0.49702	106
VAL-64_T	SPRED1	chr15	19997127	40790414	1.08	0.010416666666666666	20793288.0	271	-0.221649	NA
VAL-64_T	SPRED1	chr15	23004443	101954377	0.76	0.0	78949935.0	329	0.358413	61
VAL-64_T	BAP1	chr3	150500	90586972	0.77	0.010416666666666666	90436473.0	1199	-0.303571	NA
VAL-64_T	BAP1	chr3	1189423	196814358	0.92	0.0	195624936.0	644	0.358439	100
VAL-64_T	CHD1	chr5	39308601	180076815	1.22	0.0	140768215.0	477	0.33452	69
VAL-64_T	CHD1	chr5	49407183	180075967	1.44	0.041666666666666664	130668785.0	1575	-0.414239	NA
VAL-64_T	CDKN2A,CDKN2B	chr9	150500	47376002	0.76	0.109375	47225503.0	662	-0.238095	NA
VAL-27_T	SPRED1	chr15	19997127	40839856	1.28	0.0	20842730.0	274	0.0863396	NA
VAL-27_T	SPRED1	chr15	23004443	79439110	0.99	0.0	56434668.0	200	0.366245	39
VAL-27_T	BRCA1	chr17	40353735	41276778	1.03	0.0	923044.0	278	-0.561991	NA
VAL-27_T	BAP1	chr3	1189423	134604687	1.19	0.0	133415265.0	436	0.398409	80
VAL-27_T	BAP1	chr3	47061229	54118850	0.62	0.0	7057622.0	217	0.0273458	NA
VAL-27_T	FAT1	chr4	57884603	190343547	1.35	0.0	132458945.0	299	0.358403	87
VAL-27_T	FAT1	chr4	87739994	190436299	1.27	0.0	102696306.0	1231	0.076121	NA
VAL-27_T	CHD1	chr5	45734633	180076815	0.94	0.0	134342183.0	472	0.356954	76
VAL-27_T	CHD1	chr5	49407183	176516083	1.16	0.0	127108901.0	1454	0.0435334	NA
VAL-27_T	MCPH1	chr8	150500	36569959	0.95	0.010416666666666666	36419460.0	477	0.134105	NA
VAL-27_T	MCPH1	chr8	562179	36014087	0.73	0.0	35451909.0	123	0.372998	33
VAL-27_T	CDKN2A,CDKN2B,TSC1	chr9	1206037	140509860	1.05	0.0	139303824.0	644	0.357731	87
VAL-27_T	CDKN2A,CDKN2B	chr9	21265959	23979803	0.0	0.0	2713845.0	59	0.426531	NA
VAL-27_T	TSC1	chr9	70709199	140509610	1.0	0.0	69800412.0	1060	0.0951215	NA
VAL-67_T	PTEN	chr10	51963044	135224572	1.05	0.0	83261529.0	1026	-0.599415	NA
VAL-67_T	PTEN	chr10	52259948	91178450	1.01	0.0	38918503.0	96	0.262723	25
VAL-67_T	ATM	chr11	107941002	108225621	0.32	0.0	284620.0	66	-0.785433	NA
VAL-67_T	BRCA2	chr13	18993508	32890532	1.17	0.0	13897025.0	278	-0.61168	NA
VAL-67_T	BRCA2	chr13	32890532	32973920	0.0	0.005208333333333333	83389.0	216	1.5787	NA
VAL-67_T	RB1	chr13	32974420	115056691	1.22	0.0	82082272.0	942	-0.573422	NA
VAL-67_T	RB1	chr13	47618881	50033638	1.43	0.0	2414758.0	47	0.494239	3
VAL-67_T	SPRED1	chr15	19997127	41365589	0.9	0.0	21368463.0	295	-0.581967	NA
VAL-67_T	SPRED1	chr15	23004443	39491920	0.9	0.0	16487478.0	46	0.270874	18
VAL-67_T	PALB2	chr16	23632662	24101587	0.8	0.0	468926.0	24	0.930165	NA
VAL-67_T	FANCA	chr16	86991796	89883293	0.46	0.0	2891498.0	61	0.426818	9
VAL-67_T	NF1	chr17	29490183	29686053	1.3	0.005208333333333333	195871.0	74	-0.782513	NA
VAL-67_T	BRCA1	chr17	41201333	41271601	0.0	0.015625	70269.0	162	1.6028	NA
VAL-67_T	RAD51C	chr17	54626118	57699679	1.36	0.0	3073562.0	39	0.242537	9
VAL-67_T	RAD51C	chr17	56708978	60551190	0.65	0.0	3842213.0	119	-0.521898	NA
VAL-67_T	BAP1	chr3	36816878	128677638	0.76	0.0	91860761.0	287	0.256385	47
VAL-67_T	BAP1	chr3	47165539	90586972	0.67	0.0	43421434.0	554	-0.506809	NA
VAL-67_T	CHD1	chr5	49560409	180076815	1.45	0.0	130516407.0	471	0.496335	99
VAL-67_T	MCPH1	chr8	150500	37488043	0.0	0.005208333333333333	37337544.0	488	-0.346728	NA
VAL-67_T	MCPH1	chr8	562179	36881252	-0.25	0.010416666666666666	36319074.0	125	0.294474	30
VAL-67_T	CDKN2A,CDKN2B	chr9	21264809	22009222	-2.53	0.005208333333333333	744414.0	11	0.49157	1
VAL-67_T	CDKN2A,CDKN2B	chr9	21407437	22341781	0.0	0.005208333333333333	934345.0	21	0.134646	NA
VAL-67_T	TSC1	chr9	65419970	140509610	0.82	0.036458333333333336	75089641.0	1095	-0.579871	NA
VAL-67_T	TSC1	chr9	135771352	140509860	0.31	0.0	4738509.0	152	0.266688	8
VAL-28_T	BRCA2,RB1	chr13	18993508	108441583	1.44	0.0	89448076.0	1373	-0.0391498	NA
VAL-28_T	BRCA1,NF1,RAD51C	chr17	25253808	63525573	1.42	0.0	38271766.0	1167	-0.114319	NA
VAL-68_T	PTEN	chr10	84081915	135224572	1.35	0.005208333333333333	51142658.0	724	-0.149563	NA
VAL-68_T	ATM	chr11	78593393	133666445	1.24	0.005208333333333333	55073053.0	902	-0.203552	NA
VAL-68_T	SPRED1	chr15	19997127	51682850	0.3	0.005208333333333333	31685724.0	428	0.0535714	NA
VAL-68_T	SPRED1	chr15	23004443	46851029	0.22	0.005208333333333333	23846587.0	96	0.34692	35
VAL-68_T	TP53	chr17	150500	15172842	1.42	0.005208333333333333	15022343.0	353	-0.180556	NA
VAL-68_T	TP53	chr17	901872	14326538	1.18	0.0	13424667.0	156	0.24026	19
VAL-68_T	BRCA1	chr17	41201333	41272491	1.36	0.015625	71159.0	165	-0.553114	NA
VAL-68_T	BAP1	chr3	150500	90586972	1.26	0.010416666666666666	90436473.0	1199	-0.149061	NA
VAL-68_T	BAP1	chr3	1189423	119812551	1.31	0.0	118623129.0	385	0.261823	64
VAL-68_T	CHD1	chr5	49407183	131954006	1.28	0.0	82546824.0	907	-0.170873	NA
VAL-68_T	CHD1	chr5	49560409	114268629	1.21	0.0	64708221.0	202	0.257685	24
VAL-68_T	MCPH1	chr8	150500	43930232	1.37	0.036458333333333336	43779733.0	625	-0.16092	NA
VAL-68_T	MCPH1	chr8	562179	8876679	1.31	0.0	8314501.0	53	0.263121	22
VAL-68_T	CDKN2A	chr9	8317604	21996332	0.8	0.0	13678729.0	82	0.314766	14
VAL-68_T	CDKN2A	chr9	8436571	21994350	0.46	0.0	13557780.0	208	0.0308858	NA
VAL-68_T	CDKN2B	chr9	21995881	24495441	0.0	0.0	2499561.0	53	0.36918	NA
VAL-68_T	CDKN2B	chr9	22005716	24495691	-0.61	0.0	2489976.0	16	0.492188	5
VAL-29_T	ATM	chr11	54758861	133666445	1.49	0.010416666666666666	78907585.0	1277	0.0872274	NA
VAL-29_T	ATM	chr11	55064763	133666695	1.27	0.0	78601933.0	463	0.485125	50
VAL-29_T	BRCA2	chr13	18993508	32890532	1.48	0.0	13897025.0	278	-0.303571	NA
VAL-29_T	BRCA2,RB1	chr13	19292855	115057489	1.46	0.0	95764635.0	402	0.395909	103
VAL-29_T	RB1	chr13	33344238	115056691	1.01	0.0	81712454.0	908	-0.0418251	NA
VAL-29_T	SPRED1	chr15	19997127	101953926	0.88	0.03125	81956800.0	1076	0.0437242	NA
VAL-29_T	SPRED1	chr15	23004443	101954377	0.89	0.0	78949935.0	329	0.428602	43
VAL-29_T	CDH1,FANCA,PALB2,TSC2	chr16	132060	89883293	1.41	0.0	89751234.0	441	0.481091	75
VAL-29_T	PALB2,TSC2	chr16	132309	35414509	0.84	0.0	35282201.0	658	0.267442	NA
VAL-29_T	CDH1,FANCA	chr16	46377086	90095477	1.33	0.03125	43718392.0	708	0.213152	NA
VAL-29_T	TP53	chr17	150500	11774505	0.98	0.0	11624006.0	309	-0.0295823	NA
VAL-29_T	BAP1	chr3	150500	90586972	1.22	0.010416666666666666	90436473.0	1199	-0.162393	NA
VAL-29_T	BAP1	chr3	1189423	89528922	1.13	0.0	88339500.0	350	0.394908	54
VAL-29_T	CHD1	chr5	218201	180076815	1.0	0.0	179858615.0	627	0.433488	82
VAL-29_T	MCPH1	chr8	150500	37791314	1.07	0.020833333333333332	37640815.0	490	0.0277825	NA
VAL-29_T	MCPH1	chr8	562179	36881252	0.87	0.0	36319074.0	125	0.433711	30
VAL-69_T	BRCA2,RB1	chr13	30309926	51030097	0.78	0.0	20720172.0	618	0.00906817	NA
VAL-69_T	BRCA2,RB1	chr13	32768347	115057489	0.92	0.0	82289143.0	281	0.373518	93
VAL-69_T	SPRED1	chr15	19997127	42058707	0.97	0.0	22061581.0	344	-0.0514706	NA
VAL-69_T	PALB2,TSC2	chr16	132309	35414509	1.17	0.0	35282201.0	658	-0.0201699	NA
VAL-69_T	TP53	chr17	901872	21963692	0.9	0.0	21061821.0	216	0.327891	18
VAL-69_T	BRCA1	chr17	40142821	41201333	1.18	0.0	1058513.0	110	-0.0555556	NA
VAL-69_T	BRCA1	chr17	41201333	41828696	0.32	0.0	627364.0	199	-0.826531	NA
VAL-69_T	BAP1	chr3	150500	90586972	1.28	0.010416666666666666	90436473.0	1199	0.316104	NA
VAL-69_T	BAP1	chr3	1189423	95778549	1.21	0.0	94589127.0	352	0.494403	53
VAL-69_T	MCPH1	chr8	150500	30435892	1.06	0.005208333333333333	30285393.0	394	0.00414735	NA
VAL-69_T	MCPH1	chr8	562179	29144965	0.83	0.0	28582787.0	86	0.346784	29
VAL-69_T	CDKN2A,CDKN2B	chr9	150500	38805117	0.81	0.010416666666666666	38654618.0	605	-0.0396371	NA
VAL-69_T	CDKN2A,CDKN2B	chr9	1206037	112832327	0.67	0.0	111626291.0	376	0.357595	45
VAL-30_T	BRCA2,RB1	chr13	18993508	115056691	1.0	0.005208333333333333	96063184.0	1436	0.183476	NA
VAL-30_T	BRCA2,RB1	chr13	19292855	115057489	1.33	0.0	95764635.0	402	0.389108	114
VAL-30_T	BRCA1,NF1,RAD51C,TP53	chr17	901872	80790600	1.33	0.0	79888729.0	831	0.367533	128
VAL-30_T	BRCA1,NF1	chr17	25253808	44407987	0.89	0.0	19154180.0	808	0.141796	NA
VAL-30_T	RAD51C	chr17	44407987	80790350	1.38	0.005208333333333333	36382364.0	615	0.0638968	NA
VAL-30_T	BAP1	chr3	150500	90586972	1.08	0.010416666666666666	90436473.0	1199	0.180484	NA
VAL-30_T	BAP1	chr3	1189423	86969969	1.24	0.0	85780547.0	332	0.381745	55
VAL-30_T	CHD1	chr5	49407183	180075967	1.13	0.041666666666666664	130668785.0	1575	0.158676	NA
VAL-30_T	CHD1	chr5	50788156	180076815	1.28	0.0	129288660.0	470	0.385418	86
VAL-30_T	MCPH1	chr8	150500	36013837	1.18	0.0	35863338.0	473	0.195534	NA
VAL-30_T	MCPH1	chr8	562179	36014087	1.34	0.0	35451909.0	123	0.383011	34
VAL-30_T	CDKN2A,CDKN2B	chr9	150500	47376002	1.01	0.109375	47225503.0	662	0.172619	NA
VAL-70_T	TSC2	chr16	132309	2294889	0.85	0.0	2162581.0	129	0.419855	NA
VAL-31_T	PTEN	chr10	49267986	89792571	1.28	0.0	40524586.0	441	0.270782	NA
VAL-31_T	BAP1	chr3	150500	88675432	1.32	0.0	88524933.0	1162	0.209684	NA
VAL-31_T	BAP1	chr3	1189423	88033921	1.48	0.0	86844499.0	333	0.419425	53
VAL-31_T	FAT1	chr4	169428345	190436299	1.3	0.0	21007955.0	327	0.261607	NA
VAL-31_T	CHD1	chr5	49407183	180029671	1.4	0.0	130622489.0	1544	0.231262	NA
VAL-31_T	CDKN2A,CDKN2B	chr9	150500	47376002	1.2	0.109375	47225503.0	662	0.26695	NA
VAL-71_T	PTEN	chr10	1016151	135224822	1.42	0.0	134208672.0	316	0.3883	79
VAL-71_T	PTEN	chr10	45917274	129803119	1.37	0.0	83885846.0	1023	0.113844	NA
VAL-71_T	BAP1	chr3	150500	82863057	1.37	0.109375	82712558.0	1112	0.11262	NA
VAL-71_T	CHD1	chr5	49407183	180075967	1.35	0.041666666666666664	130668785.0	1575	0.0629524	NA
VAL-71_T	CHD1	chr5	49560409	180076815	1.3	0.0	130516407.0	471	0.35087	62
VAL-71_T	CDKN2A,CDKN2B	chr9	150500	47376002	1.29	0.109375	47225503.0	662	0.110015	NA
VAL-71_T	CDKN2A,CDKN2B,TSC1	chr9	1206037	140509860	1.33	0.0	139303824.0	644	0.354869	75
VAL-71_T	TSC1	chr9	65419970	136198034	1.37	0.015625	70778065.0	900	0.0641947	NA
VAL-32_T	PTEN	chr10	60395670	108269961	1.03	0.005208333333333333	47874292.0	578	0.0383693	NA
VAL-32_T	PTEN	chr10	88175431	90818827	1.17	0.0	2643397.0	37	0.233674	6
VAL-32_T	BRCA2,RB1	chr13	18993508	115056691	0.87	0.005208333333333333	96063184.0	1436	0.0403631	NA
VAL-32_T	BRCA2	chr13	30887874	32901567	1.23	0.0	2013694.0	20	0.234847	14
VAL-32_T	BRCA2	chr13	32901582	32943863	1.25	0.0	42282.0	36	0.230475	31
VAL-32_T	BRCA2	chr13	32943864	32956322	1.04	0.015625	12459.0	14	0.243034	4
VAL-32_T	BRCA2	chr13	32956323	33001031	1.13	0.0	44709.0	9	0.240892	6
VAL-32_T	RB1	chr13	46097742	50033638	1.26	0.0	3935897.0	58	0.464325	6
VAL-32_T	CDH1,FANCA	chr16	46377086	90095477	1.01	0.03125	43718392.0	708	0.0219863	NA
VAL-32_T	CDH1	chr16	48930267	69446976	1.09	0.005208333333333333	20516710.0	97	0.221031	17
VAL-32_T	FANCA	chr16	70191106	89883293	1.13	0.0	19692188.0	123	0.234412	18
VAL-32_T	TP53	chr17	901872	9329025	1.16	0.0	8427154.0	137	0.231247	11
VAL-32_T	BRCA1,NF1,RAD51C	chr17	11923934	78938400	1.15	0.0	67014467.0	686	0.224039	160
VAL-32_T	BRCA1,NF1,RAD51C	chr17	25253808	80790350	0.81	0.005208333333333333	55536543.0	1423	0.0135021	NA
VAL-32_T	BAP1	chr3	150500	54647951	0.95	0.0	54497452.0	837	0.0407571	NA
VAL-32_T	BAP1	chr3	52272971	52713997	1.14	0.005208333333333333	441027.0	49	0.489704	2
VAL-32_T	FAT1	chr4	52695894	190436299	1.03	0.03125	137740406.0	1627	0.0217892	NA
VAL-32_T	FAT1	chr4	177100486	190343547	1.24	0.0	13243062.0	73	0.215356	21
VAL-32_T	CHD1	chr5	45734633	180076815	1.13	0.005208333333333333	134342183.0	472	0.228364	67
VAL-32_T	CHD1	chr5	49407183	112016294	0.97	0.0	62609112.0	672	0.00696413	NA
VAL-32_T	CDKN2A,CDKN2B	chr9	150500	47376002	1.06	0.109375	47225503.0	662	0.951858	NA
VAL-32_T	CDKN2A,CDKN2B	chr9	21012295	24087786	1.26	0.0	3075492.0	24	0.47877	3
VAL-72_T	PTEN	chr10	50187904	89792571	1.42	0.0	39604668.0	433	0.293949	NA
VAL-72_T	RB1	chr13	33284763	115056691	1.28	0.0	81771929.0	920	0.379226	NA
VAL-72_T	SPRED1	chr15	35422473	87830788	1.45	0.0	52408316.0	687	-0.0927169	NA
VAL-72_T	BAP1	chr3	150500	90586972	1.32	0.010416666666666666	90436473.0	1199	0.308387	NA
VAL-72_T	MCPH1	chr8	150500	33430672	1.25	0.0	33280173.0	450	0.314815	NA
VAL-72_T	MCPH1	chr8	562179	42425849	1.14	0.0	41863671.0	146	0.457012	41
VAL-72_T	CDKN2A,CDKN2B	chr9	150500	47376002	1.43	0.109375	47225503.0	662	0.330999	NA
